{"cameraMode":{"drawMode":0,"name":"Shaded","section":"Shading Mode"},"sceneLighting":false,"audioPlay":false,"sceneViewState":{"m_AlwaysRefresh":false,"showFog":false,"showSkybox":false,"showFlares":false,"showImageEffects":false,"showParticleSystems":false,"showVisualEffectGraphs":true,"m_FxEnabled":true},"in2DMode":false,"pivot":{"x":-0.01771920919418335,"y":1.3132977485656739,"z":-0.21979355812072755},"rotation":{"x":0.03483934700489044,"y":-0.9651269912719727,"z":0.18493729829788209,"w":0.1822318136692047},"size":1.1528443098068238,"orthographic":false}