{"cameraMode":{"drawMode":0,"name":"Shaded","section":"Shading Mode"},"sceneLighting":false,"audioPlay":false,"sceneViewState":{"m_AlwaysRefresh":false,"showFog":true,"showSkybox":false,"showFlares":true,"showImageEffects":true,"showParticleSystems":true,"showVisualEffectGraphs":true,"m_FxEnabled":true},"in2DMode":false,"pivot":{"x":-0.29261457920074465,"y":17.037817001342775,"z":-11.191389083862305},"rotation":{"x":0.008696337230503559,"y":-0.9913161993026733,"z":0.09695950150489807,"w":0.08885318785905838},"size":1.1258540153503419,"orthographic":false}