{"cameraMode":{"drawMode":0,"name":"Shaded","section":"Shading Mode"},"sceneLighting":false,"audioPlay":false,"sceneViewState":{"m_AlwaysRefresh":false,"showFog":false,"showSkybox":false,"showFlares":false,"showImageEffects":false,"showParticleSystems":false,"showVisualEffectGraphs":true,"m_FxEnabled":true},"in2DMode":false,"pivot":{"x":-0.27067720890045168,"y":0.7963125705718994,"z":0.14753341674804688},"rotation":{"x":0.10347692668437958,"y":-0.8780543804168701,"z":0.22079342603683473,"w":0.4118977189064026},"size":1.1528440713882447,"orthographic":false}