{"cameraMode":{"drawMode":0,"name":"Shaded","section":"Shading Mode"},"sceneLighting":false,"audioPlay":false,"sceneViewState":{"m_AlwaysRefresh":false,"showFog":true,"showSkybox":false,"showFlares":true,"showImageEffects":true,"showParticleSystems":true,"showVisualEffectGraphs":true,"m_FxEnabled":true},"in2DMode":false,"pivot":{"x":-1.2049942016601563,"y":17.872394561767579,"z":-45.07808303833008},"rotation":{"x":0.03443754464387894,"y":-0.9434600472450256,"z":0.10371781140565872,"w":0.31306374073028567},"size":1.3752176761627198,"orthographic":false}