{"cameraMode":{"drawMode":0,"name":"Shaded","section":"Shading Mode"},"sceneLighting":false,"audioPlay":false,"sceneViewState":{"m_AlwaysRefresh":false,"showFog":true,"showSkybox":false,"showFlares":true,"showImageEffects":true,"showParticleSystems":true,"showVisualEffectGraphs":true,"m_FxEnabled":true},"in2DMode":false,"pivot":{"x":-0.06897789984941483,"y":18.012449264526368,"z":-46.183406829833987},"rotation":{"x":-0.0021636367309838535,"y":-0.994400143623352,"z":0.020887866616249086,"w":-0.10389833897352219},"size":1.675217628479004,"orthographic":false}