{"cameraMode":{"drawMode":0,"name":"Shaded","section":"Shading Mode"},"sceneLighting":false,"audioPlay":false,"sceneViewState":{"m_AlwaysRefresh":false,"showFog":true,"showSkybox":false,"showFlares":true,"showImageEffects":true,"showParticleSystems":true,"showVisualEffectGraphs":true,"m_FxEnabled":true},"in2DMode":false,"pivot":{"x":-0.01157081127166748,"y":15.505040168762207,"z":-12.075276374816895},"rotation":{"x":0.13217872381210328,"y":-0.8382611274719238,"z":0.23335160315036775,"w":0.47484228014945986},"size":1.4492433071136475,"orthographic":false}